{"accuracy": 0.7703583061889251, "loss": 0.5628315134868993, "train_time": 8239.692924976349, "best_valid_acc": 0.7707782970940865, "epochs_trained": 20, "precision": 0.77, "recall": 0.77, "f1": 0.77}