{"accuracy": 0.7713762214983714, "loss": 0.5611270248115837, "train_time": 8655.872503042221, "best_valid_acc": 0.7777890672627514, "epochs_trained": 20, "precision": 0.77, "recall": 0.77, "f1": 0.77}