{"train_loss": [0.7925363514791108, 0.7137308414966451, 0.6899223101862602, 0.6770173733930719, 0.6656072953158689, 0.6587312459105492, 0.6532360310705322, 0.6482984416832572, 0.6431939821943766, 0.6390836329441535, 0.6351601003711732, 0.6306380158722512, 0.6269750680465456, 0.621804934026255, 0.6188933642065536, 0.6156794047165395, 0.6132296941903631, 0.6110764170154054, 0.6076115413229541, 0.5776062219057367], "train_accuracy": [0.6491816945684761, 0.7000038225812617, 0.7132008293181061, 0.7199576967673704, 0.7261029512147618, 0.7302240578702397, 0.7327305790118446, 0.7356175380028287, 0.7381149577604771, 0.7401591285970944, 0.7418774698880711, 0.7439088987871496, 0.7464427240806237, 0.7488345677843773, 0.7499904435468457, 0.7523495222683562, 0.7529138080736557, 0.75440279448893, 0.7558226103861353, 0.770918165816294], "val_loss": [0.6984738351462724, 0.6554773560205063, 0.6384806642671684, 0.6295145386225217, 0.6123028095666464, 0.6233142498251679, 0.6133223905578836, 0.6071341651213633, 0.6031199538862551, 0.6024421424447716, 0.5977899432182312, 0.5974907071946504, 0.5913573393186966, 0.5906355597756126, 0.58854901558393, 0.5836878894985497, 0.591796341267499, 0.5864722299111353, 0.5831821907263297, 0.5665841042608409], "val_accuracy": [0.7002641739483845, 0.7257671205039626, 0.7370453159926844, 0.7425320056899004, 0.750965250965251, 0.745884982727088, 0.7499491973176183, 0.7549278601910181, 0.7556390977443609, 0.7567567567567568, 0.7573663889453364, 0.7609225767120504, 0.762345051818736, 0.7601097337939443, 0.7647835805730543, 0.7648851859378175, 0.7612273928063402, 0.7602113391587075, 0.7637675269254217, 0.7707782970940865]}