{"train_loss": [0.8194942860087278, 0.7388912309603445, 0.7152911388251899, 0.7000590285801876, 0.6912182860479161, 0.6851312667617482, 0.6794800447874667, 0.673228097970199, 0.6682594583264768, 0.6638762762966216, 0.6601053166506119, 0.6551873190857935, 0.6519624045169031, 0.6483272014243072, 0.6463549709483939, 0.6418773397553333, 0.6390757132130644, 0.6360378982976621, 0.6318281285173128, 0.6263126090259221], "train_accuracy": [0.6351892268738384, 0.6898812633449042, 0.7033968185202242, 0.7107652989713615, 0.7153287328871228, 0.719444378712227, 0.7223458999175415, 0.7259573290714586, 0.728209011462283, 0.7308138275506173, 0.7325667541006285, 0.7352844273500229, 0.73720117881125, 0.73895228508447, 0.7402810871421108, 0.7423507418538063, 0.7429714562396358, 0.7454342907382496, 0.7475512726465187, 0.7500031854843847], "val_loss": [0.7167220754282815, 0.6753351595494654, 0.6541775664338818, 0.6475322455554814, 0.6462238850918683, 0.6329313673369297, 0.6252500136177261, 0.6204200928861444, 0.6171090012633955, 0.6101248477186475, 0.613341519778425, 0.6104054772234583, 0.6100888676070547, 0.6047738525387528, 0.600959674878554, 0.5982310760330845, 0.5958601981401443, 0.5920247131740892, 0.6001219234683297, 0.589574050013121], "val_accuracy": [0.6928469823206665, 0.7163178215809795, 0.7276976224344646, 0.7309489941068888, 0.7389758179231863, 0.7362324730745783, 0.743548059337533, 0.7491363543995123, 0.7498475919528551, 0.7491363543995123, 0.7525909368014632, 0.7524893314366998, 0.751778093883357, 0.7557407031091241, 0.7573663889453364, 0.7584840479577322, 0.7575695996748628, 0.7632595001016054, 0.7603129445234709, 0.7639707376549482]}