{"train_loss": [0.7768285323389201, 0.6994649832278407, 0.6786347753320581, 0.6662683256720396, 0.6567319020010941, 0.6512896024447563, 0.6460525776465308, 0.6417004317913173, 0.6382260528138777, 0.6329292115778814, 0.6272545246110547, 0.6227460079665842, 0.6184227162275988, 0.6142299885602055, 0.6109106313447639, 0.6081948306165004, 0.6059425697320827, 0.603138628222208, 0.6003834091314398, 0.5981155787590277], "train_accuracy": [0.6589347376162019, 0.7061490770286529, 0.7174129498131486, 0.7236455775465217, 0.7288661313839382, 0.7316729981961057, 0.7344798650082731, 0.7366004874701247, 0.7393927920679618, 0.7415134145298135, 0.744043599269705, 0.7470962034486964, 0.7490129549099236, 0.7507749828438912, 0.7521365498837753, 0.7538658128354998, 0.7548578636867522, 0.7558626564755436, 0.7579359517408217, 0.7583273112509488], "val_loss": [0.6834715927963133, 0.6570518976682193, 0.6325646180224109, 0.6276146132837642, 0.6331627245073195, 0.6176607072740407, 0.6153223808709677, 0.6090601655569944, 0.6021333369728806, 0.6182446793302313, 0.5957597227065594, 0.5960896886014319, 0.5894872006270793, 0.592848298611579, 0.5917949270118367, 0.5876576060598547, 0.5896735464210634, 0.5821059479728922, 0.5822554621603582, 0.5868854261450953], "val_accuracy": [0.7107295265190002, 0.7265799634220687, 0.7366388945336314, 0.7385693964641333, 0.7403982930298719, 0.7481203007518797, 0.7477138792928266, 0.7516764885185938, 0.7551310709205447, 0.7477138792928266, 0.7575695996748628, 0.757671205039626, 0.7616338142653932, 0.75685836212152, 0.7638691322901849, 0.7610241820768137, 0.7626498679130258, 0.7659012395854501, 0.764681975208291, 0.7603129445234709]}