{"train_loss": [0.7821777595410198, 0.7027245530023657, 0.6829906518832335, 0.6689813724907335, 0.6599324062008338, 0.6514901053733283, 0.6467532344120802, 0.6411615205826264, 0.6339464686595716, 0.629134313258076, 0.6249307976915863, 0.6209870388962239, 0.5890432961514256, 0.5791062071488933, 0.5748345259271513, 0.5703740290783602, 0.567065005043985, 0.5636607928015812, 0.5610340159310016, 0.5356266308759876], "train_accuracy": [0.6554798522663356, 0.7049986620965584, 0.7156982490757544, 0.7228992640620933, 0.7274299329956113, 0.7324994038593509, 0.7349367544828866, 0.7378510176257401, 0.7414005573687535, 0.7431407419812257, 0.7454852584884057, 0.7477132772809434, 0.7640229573308918, 0.7682987875136293, 0.7711129354329619, 0.7740108160846938, 0.775108442989841, 0.7763607934222478, 0.777773328212288, 0.790999459377793], "val_loss": [0.68885195681027, 0.6492706519829763, 0.6427787940997582, 0.6252118999307806, 0.621090720806803, 0.6167040229230732, 0.6125806608757416, 0.6062828298512991, 0.5998578752790179, 0.6065026870021573, 0.5907643764437019, 0.6010755888827435, 0.5747969934305588, 0.566672789973098, 0.5651456673036922, 0.5638403569336061, 0.5653569634471621, 0.5682470616582153, 0.5647690098781091, 0.557198758249159], "val_accuracy": [0.7100182889656574, 0.7312538102011786, 0.7352164194269457, 0.7442592968908759, 0.742735216419427, 0.7479170900223532, 0.7498475919528551, 0.7545214387319651, 0.7586872586872587, 0.751371672424304, 0.7577728104043894, 0.7546230440967283, 0.7708799024588499, 0.7715911400121926, 0.7744360902255639, 0.7769762243446454, 0.7753505385084333, 0.773318431213168, 0.7746393009550905, 0.7777890672627514]}