{"accuracy": 0.7705618892508144, "loss": 0.5636717077199515, "train_time": 8675.619699001312, "best_valid_acc": 0.7740296687665109, "epochs_trained": 20, "precision": 0.77, "recall": 0.77, "f1": 0.77}