{"accuracy": 0.7650651465798045, "loss": 0.5845061664457445, "train_time": 8885.533671855927, "best_valid_acc": 0.7669172932330827, "epochs_trained": 20, "precision": 0.77, "recall": 0.77, "f1": 0.76}