{"accuracy": 0.7709690553745928, "loss": 0.5596192063062222, "train_time": 8111.0691702365875, "best_valid_acc": 0.7789067262751473, "epochs_trained": 20, "precision": 0.77, "recall": 0.77, "f1": 0.77}