{"train_loss": [0.7819729244609026, 0.7047916826135014, 0.6834712135887602, 0.6701852574090422, 0.6593318973483044, 0.6525326253636241, 0.6475350206677922, 0.6433757926682001, 0.6380655150009946, 0.6350198741012772, 0.6298282994070236, 0.6246076084374826, 0.6203030016991932, 0.6165177333728521, 0.5841239223227197, 0.5748632906693948, 0.5699339341840951, 0.5664935398843393, 0.5639192366352841, 0.5608203067736768], "train_accuracy": [0.6557747371065245, 0.7035315190027795, 0.7151576268687416, 0.7225497709181659, 0.7274117302276984, 0.7313144036682218, 0.734226846534284, 0.736451224773239, 0.7396257874972468, 0.7409909950907135, 0.7432918249549026, 0.7463444291338941, 0.7482429778272084, 0.7505747523968495, 0.7657176350235817, 0.7701791334390308, 0.7733919219756556, 0.7747644106762874, 0.776022221939068, 0.7777624065515403], "val_loss": [0.6847505159192271, 0.6561855609927859, 0.6436036188494075, 0.6254452898517832, 0.61500202680563, 0.6192982605138382, 0.6124810955741189, 0.6116462231843502, 0.6095162568154273, 0.6052764596103074, 0.5946760400162114, 0.5921381065597782, 0.585665288683656, 0.5872386891346473, 0.5706282794088512, 0.5681176154644458, 0.5653800238649567, 0.5672859477919417, 0.5629699102469853, 0.5654539467839451], "val_accuracy": [0.7120503962609226, 0.7271895956106482, 0.7360292623450518, 0.7394838447470027, 0.7498475919528551, 0.7473074578337736, 0.7496443812233285, 0.7530989636252794, 0.7511684616947775, 0.75218451534241, 0.7632595001016054, 0.7585856533224954, 0.7608209713472871, 0.7595001016053647, 0.7666124771387929, 0.7712863239179029, 0.7728104043893518, 0.7734200365779313, 0.7740296687665109, 0.7704734809997968]}