{"train_loss": [0.7799087490778822, 0.7006041157612263, 0.6803701487643243, 0.6673087465706153, 0.6575740262143877, 0.6506411061558841, 0.6457210053018844, 0.6417222774768976, 0.6359107461718899, 0.6300464388076824, 0.6255622893564909, 0.6218686978934196, 0.6176196660322223, 0.6153673220005751, 0.612388585991845, 0.6093463669674261, 0.606592339216163, 0.5749940787305758, 0.5655568123197067, 0.5608857036754836], "train_accuracy": [0.6565774791714828, 0.7060453212515495, 0.7163335256759142, 0.7238494485471461, 0.7287514539460871, 0.7325521918862983, 0.7352079757247887, 0.7371156258020595, 0.740357538767345, 0.7429423318109751, 0.7462170097585039, 0.7480591298712882, 0.7495117107507367, 0.7514084391672597, 0.7522821720270785, 0.7541643382292711, 0.7551072416071588, 0.7710801704507187, 0.7759949177871988, 0.7778716231590176], "val_loss": [0.6798903079001934, 0.6577519681546595, 0.632437439514445, 0.6253790545773197, 0.6275658110132465, 0.6196205207666794, 0.6117470556652391, 0.6066323209118534, 0.6037686339446476, 0.5968346471910353, 0.6013844727308719, 0.5894533099679203, 0.5909908721586327, 0.5828334023426105, 0.5899211218604794, 0.5870561630694897, 0.5875002385733964, 0.5667754235592756, 0.5607607124687789, 0.5609876557991103], "val_accuracy": [0.7108311318837635, 0.7247510668563301, 0.7417191627717944, 0.7422271895956106, 0.7421255842308474, 0.74781548465759, 0.7532005689900427, 0.751778093883357, 0.7549278601910181, 0.7595001016053647, 0.7508636456004877, 0.7607193659825239, 0.7616338142653932, 0.7651900020321073, 0.7622434464539728, 0.7628530786425524, 0.7601097337939443, 0.7746393009550905, 0.7751473277789067, 0.7753505385084333]}