{"train_loss": [0.7799356368206309, 0.7020345283021242, 0.6814746580886041, 0.6690211115476137, 0.6583117847014063, 0.6512607602577896, 0.6453957339403291, 0.6405416575936602, 0.6343584070945608, 0.6281220438887555, 0.6225952387744872, 0.6196710925587459, 0.6154050580455894, 0.6132246797308951, 0.6100191324706236, 0.5777392484185191, 0.5672027789132682, 0.5623999138580564, 0.5585762405262883, 0.5559492188107434], "train_accuracy": [0.6569233317618277, 0.7052990077671211, 0.7164427422833917, 0.7231359000449609, 0.7279942188009109, 0.7318513853216521, 0.7346127452140373, 0.7377418010182628, 0.7412003269217117, 0.7447498666647251, 0.7466993831081954, 0.7485560654353101, 0.7497829319926388, 0.7514994530068242, 0.7524569185990422, 0.7691233729000831, 0.7741855626566576, 0.7767739962538703, 0.7787781210010795, 0.7798757479062266], "val_loss": [0.6863350775334742, 0.6577186015519229, 0.6425498307912381, 0.6333265873518857, 0.6201662581849408, 0.6108653032547467, 0.6174044163970204, 0.6069054214598296, 0.6019529433219464, 0.5945875025414801, 0.6028600542189239, 0.5879139979551364, 0.584409609824032, 0.5867926517090241, 0.5817299222017264, 0.5632348244453406, 0.5610862246581486, 0.5646853085075106, 0.5583544650248119, 0.563618894134249], "val_accuracy": [0.7121520016256858, 0.7294249136354399, 0.7310505994716521, 0.7397886608412925, 0.7473074578337736, 0.7551310709205447, 0.7501524080471449, 0.7565535460272302, 0.7578744157691526, 0.7601097337939443, 0.7569599674862832, 0.7681365576102418, 0.7638691322901849, 0.7620402357244462, 0.7660028449502134, 0.7762649867913026, 0.7752489331436699, 0.7730136151188782, 0.7789067262751473, 0.7726071936598252]}