{"train_loss": [0.7800946897633534, 0.7013090718416054, 0.6810910041823303, 0.6683063194891724, 0.6589194067648828, 0.6522123136202642, 0.646468124183143, 0.6416656978893591, 0.6373043856223332, 0.6324189186533644, 0.6265366257091104, 0.6224923739791305, 0.6186059422943765, 0.6157373201383238, 0.6130669187625934, 0.6092709189025687, 0.6073026541908656, 0.6053196590251436, 0.6028747625114311, 0.6005130456751846], "train_accuracy": [0.6566066036001434, 0.7058669341260032, 0.7168595856685968, 0.7236018909035308, 0.7280342648903192, 0.7315146341152635, 0.7347838512324184, 0.7372557871149887, 0.7400044050698349, 0.7425054653810659, 0.7446825164234474, 0.7469706043500974, 0.7491913420354699, 0.7504782777269111, 0.7525078863491983, 0.7535236007987375, 0.7548214581509264, 0.7556660665820845, 0.7573407212300702, 0.7586112744303899], "val_loss": [0.686386347591103, 0.6472638512586618, 0.6317158366565581, 0.6194702541673338, 0.6264124559117602, 0.614251789528054, 0.6151378427620058, 0.6120962701834641, 0.6130952223554834, 0.6021122849219805, 0.5950260920958086, 0.5909330624264556, 0.5882733973202767, 0.5838863017497125, 0.5782341215904657, 0.5847050590174538, 0.5814186679078387, 0.5829797085229452, 0.5766959732229059, 0.5769044822686679], "val_accuracy": [0.7098150782361309, 0.7340987604145499, 0.7390774232879496, 0.7495427758585653, 0.7436496647022963, 0.7496443812233285, 0.7448689290794553, 0.7526925421662264, 0.7459865880918513, 0.7530989636252794, 0.7578744157691526, 0.7632595001016054, 0.7613289981711034, 0.7640723430197114, 0.7667140825035562, 0.7668156878683194, 0.764681975208291, 0.7632595001016054, 0.7669172932330827, 0.7632595001016054]}