{"accuracy": 0.7697475570032574, "loss": 0.5657542154386446, "train_time": 8286.64786696434, "best_valid_acc": 0.7753505385084333, "epochs_trained": 20, "precision": 0.77, "recall": 0.77, "f1": 0.77}