{"accuracy": 0.8022190553745928, "loss": 0.4913687324756152, "train_time": 8035.377502918243, "best_valid_acc": 0.810099573257468, "epochs_trained": 20, "precision": 0.8, "recall": 0.8, "f1": 0.8}