{"train_loss": [0.7904649417350921, 0.6781324384124726, 0.6463716108098501, 0.6216712237022407, 0.5999766555020216, 0.5824315279743045, 0.5686617623580635, 0.5565352047648617, 0.5468751512144979, 0.5388465824676721, 0.5309720897798853, 0.5243478974957585, 0.5180626823241369, 0.5123461740107066, 0.5081202867167471, 0.5038019399933746, 0.49883213044532193, 0.4947855640654101, 0.49132433098646267, 0.4882936293097822], "train_accuracy": [0.6524418103016745, 0.7187781574066152, 0.73398110916746, 0.7465847056703442, 0.7567436704425274, 0.7646636947614254, 0.7714879124519675, 0.7772600101571445, 0.7820309556271127, 0.7854021082445797, 0.7894649660427364, 0.7924575010876154, 0.7953444600785996, 0.7982787462661572, 0.8003538618082265, 0.8022742538230363, 0.8047025030626157, 0.8061860286475161, 0.808019047376344, 0.8097100845154515], "val_loss": [0.6601285932513027, 0.6189248300605006, 0.5876443566052945, 0.5592956409438864, 0.5631589397981569, 0.5353161030775541, 0.5252108767435149, 0.5148321837186813, 0.515458910496204, 0.5057688125155189, 0.49854845950355775, 0.49569468606602063, 0.5037496624054847, 0.4925723118441446, 0.4866446552725581, 0.48478602946965726, 0.48571699625485903, 0.47829966101940574, 0.5030236063258988, 0.48307455747158495], "val_accuracy": [0.7248526722210933, 0.742328794960374, 0.7624466571834992, 0.7723023775655354, 0.7758585653322495, 0.783478967689494, 0.78896565738671, 0.7926234505181874, 0.796789270473481, 0.7956716114610851, 0.7984149563096932, 0.8055273318431213, 0.8020727494411705, 0.8053241211135947, 0.8056289372078845, 0.8079658605974396, 0.8060353586669377, 0.810099573257468, 0.8025807762649868, 0.805019305019305]}